-- ============================================================
-- LunaPOS テストデータ（MockData.swift対応）
-- UUIDは16進数のみ使用: 00000001=rooms, 00000002=tables,
-- 00000003=casts, 00000004=menu, 00000005=plans, 00000006=customers
-- ============================================================

-- テスト店舗
INSERT INTO stores (id, name) VALUES
    ('a0000000-0000-0000-0000-000000000001', 'Luna テスト店舗');

-- テストデバイス
INSERT INTO devices (id, tenant_id, device_name, device_token, role) VALUES
    ('d0000000-0000-0000-0000-000000000001', 'a0000000-0000-0000-0000-000000000001', 'Dev iPad', 'dev-test-token-12345678', 'floor');

-- ルーム
INSERT INTO rooms (id, tenant_id, name, sort_order) VALUES
    ('00000001-0001-0000-0000-000000000001', 'a0000000-0000-0000-0000-000000000001', 'Main Room', 1),
    ('00000001-0002-0000-0000-000000000001', 'a0000000-0000-0000-0000-000000000001', 'VIPルーム', 2),
    ('00000001-0003-0000-0000-000000000001', 'a0000000-0000-0000-0000-000000000001', 'カウンター', 3);

-- テーブル
INSERT INTO floor_tables (id, tenant_id, room_id, name, capacity, status, position_x, position_y) VALUES
    ('00000002-0001-0000-0000-000000000001', 'a0000000-0000-0000-0000-000000000001', '00000001-0001-0000-0000-000000000001', '1番', 4, 'empty', 1, 1),
    ('00000002-0002-0000-0000-000000000001', 'a0000000-0000-0000-0000-000000000001', '00000001-0001-0000-0000-000000000001', '2番', 4, 'empty', 2, 1),
    ('00000002-0003-0000-0000-000000000001', 'a0000000-0000-0000-0000-000000000001', '00000001-0001-0000-0000-000000000001', '3番', 6, 'empty', 3, 1),
    ('00000002-0004-0000-0000-000000000001', 'a0000000-0000-0000-0000-000000000001', '00000001-0001-0000-0000-000000000001', '4番', 4, 'empty', 1, 2),
    ('00000002-0005-0000-0000-000000000001', 'a0000000-0000-0000-0000-000000000001', '00000001-0001-0000-0000-000000000001', '5番', 4, 'empty', 2, 2),
    ('00000002-0006-0000-0000-000000000001', 'a0000000-0000-0000-0000-000000000001', '00000001-0002-0000-0000-000000000001', 'VIP1', 8, 'empty', 1, 1),
    ('00000002-0007-0000-0000-000000000001', 'a0000000-0000-0000-0000-000000000001', '00000001-0002-0000-0000-000000000001', 'VIP2', 6, 'empty', 2, 1),
    ('00000002-0008-0000-0000-000000000001', 'a0000000-0000-0000-0000-000000000001', '00000001-0003-0000-0000-000000000001', 'カウンター', 4, 'empty', 1, 1);

-- キャスト
INSERT INTO casts (id, tenant_id, stage_name, real_name, photo_url) VALUES
    ('00000003-0001-0000-0000-000000000001', 'a0000000-0000-0000-0000-000000000001', 'あいり', '山田愛', 'https://i.pravatar.cc/150?img=47'),
    ('00000003-0002-0000-0000-000000000001', 'a0000000-0000-0000-0000-000000000001', 'さくら', '田中咲', 'https://i.pravatar.cc/150?img=45'),
    ('00000003-0003-0000-0000-000000000001', 'a0000000-0000-0000-0000-000000000001', 'みく', '鈴木美久', 'https://i.pravatar.cc/150?img=44'),
    ('00000003-0004-0000-0000-000000000001', 'a0000000-0000-0000-0000-000000000001', 'れな', '佐藤礼奈', 'https://i.pravatar.cc/150?img=49'),
    ('00000003-0005-0000-0000-000000000001', 'a0000000-0000-0000-0000-000000000001', 'ゆい', '伊藤唯', 'https://i.pravatar.cc/150?img=41'),
    ('00000003-0006-0000-0000-000000000001', 'a0000000-0000-0000-0000-000000000001', 'なな', '中村奈々', 'https://i.pravatar.cc/150?img=43');

-- メニュー
INSERT INTO menu_items (id, tenant_id, name, price, category, is_active, sort_order) VALUES
    ('00000004-0001-0000-0000-000000000001', 'a0000000-0000-0000-0000-000000000001', 'ウイスキー水割り', 1200, 'drink', true, 1),
    ('00000004-0002-0000-0000-000000000001', 'a0000000-0000-0000-0000-000000000001', 'ビール', 1000, 'drink', true, 2),
    ('00000004-0003-0000-0000-000000000001', 'a0000000-0000-0000-0000-000000000001', 'カクテル', 1200, 'drink', true, 3),
    ('00000004-0004-0000-0000-000000000001', 'a0000000-0000-0000-0000-000000000001', 'ソフトドリンク', 600, 'drink', true, 4),
    ('00000004-0005-0000-0000-000000000001', 'a0000000-0000-0000-0000-000000000001', 'シャンパン（グラス）', 3000, 'drink', true, 5),
    ('00000004-0006-0000-0000-000000000001', 'a0000000-0000-0000-0000-000000000001', 'ウイスキーボトル', 15000, 'bottle', true, 1),
    ('00000004-0007-0000-0000-000000000001', 'a0000000-0000-0000-0000-000000000001', '芋焼酎ボトル', 12000, 'bottle', true, 2),
    ('00000004-0008-0000-0000-000000000001', 'a0000000-0000-0000-0000-000000000001', 'シャンパンボトル', 30000, 'bottle', true, 3),
    ('00000004-0009-0000-0000-000000000001', 'a0000000-0000-0000-0000-000000000001', 'フルーツ盛り', 3000, 'food', true, 1),
    ('00000004-0010-0000-0000-000000000001', 'a0000000-0000-0000-0000-000000000001', 'おつまみセット', 2000, 'food', true, 2),
    ('00000004-0011-0000-0000-000000000001', 'a0000000-0000-0000-0000-000000000001', 'チーズ盛り', 2500, 'food', true, 3),
    ('00000004-0012-0000-0000-000000000001', 'a0000000-0000-0000-0000-000000000001', 'レディースドリンク', 1500, 'ladies_drink', true, 1);

-- セットプラン
INSERT INTO set_plans (id, tenant_id, name, duration_minutes, price, is_active) VALUES
    ('00000005-0001-0000-0000-000000000001', 'a0000000-0000-0000-0000-000000000001', 'Main Room（60分）', 60, 10000, true),
    ('00000005-0002-0000-0000-000000000001', 'a0000000-0000-0000-0000-000000000001', 'T.O.C（30分）', 30, 5000, true);

-- 顧客
INSERT INTO customers (id, tenant_id, name, phone, visit_count, total_spend, notes, rank, favorite_cast_id) VALUES
    ('00000006-0001-0000-0000-000000000001', 'a0000000-0000-0000-0000-000000000001', '田中様', '090-1234-5678', 15, 250000, 'ウイスキー好き', 'vip', '00000003-0001-0000-0000-000000000001'),
    ('00000006-0002-0000-0000-000000000001', 'a0000000-0000-0000-0000-000000000001', '山田様', '080-9876-5432', 5, 75000, NULL, 'repeat', '00000003-0002-0000-0000-000000000001'),
    ('00000006-0003-0000-0000-000000000001', 'a0000000-0000-0000-0000-000000000001', '佐藤様', NULL, 1, 15000, NULL, 'new', NULL);
